CustomerID,Churn,Prob_0,Prob_1
50001,1,0.17513492869687367,0.8248650713031264
50002,1,0.1258330513602971,0.8741669486397029
