CustomerID,Churn,Prob_0,Prob_1
50001,1,0.17513492869687367,0.8248650713031264
50002,1,0.1258330513602971,0.8741669486397029
50034,0,0.826778391276858,0.17322160872314205
50033,0,0.7975689299057541,0.2024310700942459
50059,0,0.8630197128405787,0.13698028715942132
